Tweet_ID,Sentiment_Label,Logits_Neutral,Logits_Positive,Logits_Negative
1605542843627360257,neutral,3.309969186782837,2.103445053100586,-1.0403450727462769
1605540071548993536,neutral,1.766936182975769,0.9434500336647034,0.754396378993988
1605541096368504834,positive,2.907259941101074,3.9556355476379395,-1.1410664319992065
1605541111749304320,positive,2.2394168376922607,5.2082414627075195,-1.3535715341567993
