Tweet_ID,Sentiment_Label,Logits_Neutral,Logits_Positive,Logits_Negative
1603971536792170496,neutral,3.309969663619995,2.103445291519165,-1.0403451919555664
1603974725822480384,neutral,2.5876588821411133,1.369908094406128,-0.49908721446990967
1603974867275382785,neutral,2.8948652744293213,1.5485074520111084,-0.7977133393287659
1603977691803406336,neutral,2.5876588821411133,1.369908094406128,-0.49908721446990967
1603977701643231233,neutral,2.6235814094543457,1.2176328897476196,-0.4218476712703705
1603977712321941505,neutral,2.8948652744293213,1.5485074520111084,-0.7977133393287659
1603978254066782209,neutral,2.8948652744293213,1.5485074520111084,-0.7977133393287659
1603978283070418944,neutral,2.032982110977173,1.0380629301071167,-0.03870999813079834
