Tweet_ID,Sentiment_Label,Logits_Neutral,Logits_Positive,Logits_Negative
1605626602536071170,negative,1.1448420286178589,-0.5730199217796326,2.5697875022888184
1605626660539203589,neutral,1.4986969232559204,1.2732936143875122,0.44089528918266296
1605630664182992896,positive,0.9367133975028992,5.482276916503906,-1.1256446838378906
1605630798433898496,negative,1.1448420286178589,-0.5730199217796326,2.5697875022888184
