Tweet_ID,Sentiment_Label,Logits_Neutral,Logits_Positive,Logits_Negative
1604317014415532032,positive,1.864697813987732,2.5156562328338623,-0.6459882855415344
1604321066813472769,positive,1.4325273036956787,2.232043504714966,0.1182442307472229
