Tweet_ID,Sentiment_Label,Logits_Neutral,Logits_Positive,Logits_Negative
1605000468652064769,neutral,3.4029407501220703,2.7564682960510254,-1.2406188249588013
1605000538549952512,positive,2.9361464977264404,3.3906619548797607,-1.1390830278396606
1605003284988805121,negative,0.37702611088752747,-0.3238876461982727,2.616244077682495
1604990653275860992,positive,1.5263724327087402,3.833693265914917,-0.5648787617683411
1604991460406763521,positive,1.5263724327087402,3.833693265914917,-0.5648787617683411
1604992207056154624,positive,1.5263724327087402,3.833693265914917,-0.5648787617683411
1604992255823007745,negative,0.7514134645462036,0.35766780376434326,1.5386531352996826
1604996488525774848,positive,1.8646976947784424,2.515655517578125,-0.6459881663322449
