Tweet_ID,Sentiment_Label,Logits_Neutral,Logits_Positive,Logits_Negative
1605492116918083585,neutral,1.208159327507019,0.8841871619224548,-0.22883103787899017
1605494781865443329,positive,1.5067076683044434,4.08976936340332,-0.9600934386253357
1605494781928300545,neutral,1.557401418685913,0.9196807742118835,0.5185090899467468
1605502241074335745,positive,1.3933824300765991,2.257930040359497,0.011142509058117867
