Tweet_ID,Sentiment_Label,Logits_Neutral,Logits_Positive,Logits_Negative
1604034589617704960,neutral,3.309969425201416,2.103445053100586,-1.0403450727462769
1604027380741177345,positive,1.2352229356765747,2.2465052604675293,-0.32277461886405945
