Tweet_ID,Sentiment_Label,Logits_Neutral,Logits_Positive,Logits_Negative
1604208731910045696,neutral,3.309969425201416,2.103445053100586,-1.0403450727462769
1604214403964239872,neutral,2.3296687602996826,1.227188229560852,-0.2657110095024109
