Tweet_ID,Sentiment_Label,Logits_Neutral,Logits_Positive,Logits_Negative
1605394829629739009,neutral,3.2143499851226807,2.4082794189453125,-0.6802899837493896
