Tweet_ID,Sentiment_Label,Logits_Neutral,Logits_Positive,Logits_Negative
1605669633465647104,neutral,1.887658953666687,0.9282863140106201,0.7242834568023682
1605670205845291009,positive,1.2933179140090942,1.3771029710769653,0.16192728281021118
1605675963832205313,neutral,1.8546812534332275,1.7905033826828003,-0.13376900553703308
1605682022269296642,neutral,2.805934190750122,1.252588152885437,-0.283949077129364
