Tweet_ID,Sentiment_Label,Logits_Neutral,Logits_Positive,Logits_Negative
1603393614536708099,neutral,1.6035124063491821,0.23877668380737305,1.298108696937561
