Tweet_ID,Sentiment_Label,Logits_Neutral,Logits_Positive,Logits_Negative
1605021290053648388,neutral,3.309969425201416,2.103445291519165,-1.0403450727462769
1605025080068579330,neutral,3.309969425201416,2.103445529937744,-1.040345311164856
