Tweet_ID,Sentiment_Label,Logits_Neutral,Logits_Positive,Logits_Negative
1604057437895462914,neutral,3.309969425201416,2.103445529937744,-1.0403451919555664
1604061959586189312,neutral,3.309969425201416,2.103445529937744,-1.0403451919555664
1604058408335859712,neutral,2.2418746948242188,1.1227716207504272,0.07547087222337723
