Tweet_ID,Sentiment_Label,Logits_Neutral,Logits_Positive,Logits_Negative
1605367937501900801,neutral,3.3765816688537598,2.6505815982818604,-0.9465019702911377
1605380938858463233,neutral,1.5744060277938843,1.210537314414978,0.5775716304779053
