Tweet_ID,Sentiment_Label,Logits_Neutral,Logits_Positive,Logits_Negative
1605620120478367744,neutral,3.2143502235412598,2.4082798957824707,-0.6802900433540344
1605615828828921856,positive,1.5263723134994507,3.833693265914917,-0.5648787617683411
1605615847321509889,positive,1.5263723134994507,3.833693027496338,-0.5648787617683411
1605615883438604288,positive,1.5263724327087402,3.833693265914917,-0.5648787617683411
1605619328652496899,negative,0.5344488024711609,0.7269672751426697,1.5160924196243286
1605623976344027143,neutral,1.3295680284500122,0.04004963859915733,0.765609622001648
