Tweet_ID,Sentiment_Label,Logits_Neutral,Logits_Positive,Logits_Negative
1603226954588528640,positive,0.5202337503433228,1.2112751007080078,0.9838486909866333
