Tweet_ID,Sentiment_Label,Logits_Neutral,Logits_Positive,Logits_Negative
1605468379028103171,neutral,3.2143499851226807,2.4082791805267334,-0.6802896857261658
1605468521273573377,neutral,3.309968948364258,2.103445053100586,-1.0403449535369873
1605470667532488704,neutral,3.729454517364502,3.2741737365722656,-1.2409491539001465
1605466570716696577,neutral,1.6877347230911255,0.22378209233283997,1.6606415510177612
