Tweet_ID,Sentiment_Label,Logits_Neutral,Logits_Positive,Logits_Negative
1604045565536632833,neutral,2.5181055068969727,1.5612398386001587,-0.055809132754802704
1604048614040403969,neutral,3.309969425201416,2.103445291519165,-1.0403451919555664
