Tweet_ID,Sentiment_Label,Logits_Neutral,Logits_Positive,Logits_Negative
1605417823861411842,neutral,2.4378936290740967,1.7174320220947266,-0.43314117193222046
