Tweet_ID,Sentiment_Label,Logits_Neutral,Logits_Positive,Logits_Negative
1605473604749008896,neutral,3.2143497467041016,2.4082791805267334,-0.6802898645401001
1605474987753607168,positive,1.491883635520935,3.6967852115631104,-0.54535973072052
1605486015996518401,positive,1.8517394065856934,2.699894905090332,-0.32424014806747437
