Tweet_ID,Sentiment_Label,Logits_Neutral,Logits_Positive,Logits_Negative
1604366987835998209,neutral,1.9733244180679321,0.5239937901496887,0.82272869348526
