Tweet_ID,Sentiment_Label,Logits_Neutral,Logits_Positive,Logits_Negative
1602653090032885763,negative,1.2179173231124878,-1.0278449058532715,2.9716668128967285
