Tweet_ID,Sentiment_Label,Logits_Neutral,Logits_Positive,Logits_Negative
1602845541787963392,negative,1.5528337955474854,-0.2710632383823395,1.8962186574935913
