Tweet_ID,Sentiment_Label,Logits_Neutral,Logits_Positive,Logits_Negative
1603862679566790656,neutral,2.8948655128479004,1.548507809638977,-0.7977132797241211
1603866997766475776,neutral,3.309969186782837,2.103445053100586,-1.0403450727462769
1603868659297837056,neutral,2.5876591205596924,1.3699079751968384,-0.49908721446990967
1603870626808209408,neutral,3.309969186782837,2.103445053100586,-1.0403450727462769
