Tweet_ID,Sentiment_Label,Logits_Neutral,Logits_Positive,Logits_Negative
1603333639156240390,neutral,2.2418744564056396,1.1227716207504272,0.07547096908092499
