Tweet_ID,Sentiment_Label,Logits_Neutral,Logits_Positive,Logits_Negative
1602758859046629376,positive,0.7219070792198181,1.0114026069641113,1.0038537979125977
