Tweet_ID,Sentiment_Label,Logits_Neutral,Logits_Positive,Logits_Negative
1604220248491970560,neutral,1.5469950437545776,0.6845018863677979,0.7017457485198975
