Tweet_ID,Sentiment_Label,Logits_Neutral,Logits_Positive,Logits_Negative
1604241142878437377,neutral,2.8948655128479004,1.548507809638977,-0.7977134585380554
