Tweet_ID,Sentiment_Label,Logits_Neutral,Logits_Positive,Logits_Negative
1604293570948743170,neutral,3.309969425201416,2.103445053100586,-1.040345311164856
1604289299716796417,neutral,2.621014356613159,0.9770984649658203,-0.20441456139087677
