Tweet_ID,Sentiment_Label,Logits_Neutral,Logits_Positive,Logits_Negative
1603933274002395137,neutral,3.309969425201416,2.103445529937744,-1.0403451919555664
1603941507291090944,neutral,3.309969425201416,2.103445529937744,-1.0403451919555664
1603936643282391040,negative,1.0742703676223755,0.09096433967351913,1.642555832862854
