Tweet_ID,Sentiment_Label,Logits_Neutral,Logits_Positive,Logits_Negative
1604086923861102592,neutral,3.309969425201416,2.103445529937744,-1.0403451919555664
1604088905741275141,neutral,3.309969425201416,2.103445529937744,-1.0403451919555664
1604091129963896834,neutral,3.309969425201416,2.103445529937744,-1.0403451919555664
