Tweet_ID,Sentiment_Label,Logits_Neutral,Logits_Positive,Logits_Negative
1604305116563009536,positive,1.9535821676254272,4.5778961181640625,-1.1003507375717163
1604307577986338816,positive,1.9535821676254272,4.5778961181640625,-1.1003507375717163
