Tweet_ID,Sentiment_Label,Logits_Neutral,Logits_Positive,Logits_Negative
1604012135889399808,neutral,3.309969425201416,2.103445291519165,-1.0403451919555664
