Tweet_ID,Sentiment_Label,Logits_Neutral,Logits_Positive,Logits_Negative
1603948414911352833,neutral,3.309969425201416,2.103445291519165,-1.040345311164856
1603950907020001281,neutral,3.309969425201416,2.103445291519165,-1.040345311164856
1603952555138068481,neutral,3.309969425201416,2.103445529937744,-1.040345311164856
1603959596153851904,neutral,3.309969425201416,2.103445291519165,-1.040345311164856
1603960158186401792,neutral,3.309969425201416,2.103445529937744,-1.040345311164856
1603960840725463040,neutral,3.309969425201416,2.103445291519165,-1.040345311164856
