Tweet_ID,Sentiment_Label,Logits_Neutral,Logits_Positive,Logits_Negative
1604165340006842369,neutral,3.309969425201416,2.103445053100586,-1.040345311164856
1604172056442114048,neutral,1.0908836126327515,1.0284711122512817,0.7318410873413086
1604174111797698560,neutral,3.309969425201416,2.103445053100586,-1.040345311164856
1604174344904925185,neutral,3.309969425201416,2.103445053100586,-1.040345311164856
