Tweet_ID,Sentiment_Label,Logits_Neutral,Logits_Positive,Logits_Negative
1605644723682570241,positive,0.8410564661026001,3.9348440170288086,-0.5569363832473755
1605647550593126400,positive,1.3445745706558228,3.8661251068115234,-0.7052139043807983
1605647882979315714,positive,1.3445745706558228,3.8661251068115234,-0.7052139043807983
1605646335188865042,neutral,2.1108078956604004,1.7742750644683838,0.12277089059352875
