Tweet_ID,Sentiment_Label,Logits_Neutral,Logits_Positive,Logits_Negative
1605438399627698176,neutral,2.2417891025543213,-0.12476799637079239,0.8097438216209412
