Tweet_ID,Sentiment_Label,Logits_Neutral,Logits_Positive,Logits_Negative
1604102464197771265,neutral,1.340798258781433,1.3067905902862549,-0.3716844618320465
1604112651256467456,neutral,3.309969425201416,2.103445053100586,-1.0403450727462769
