Tweet_ID,Sentiment_Label,Logits_Neutral,Logits_Positive,Logits_Negative
1605667819156164608,neutral,4.15148401260376,2.6573128700256348,-1.4555213451385498
1605657992614903808,neutral,1.645990014076233,1.064558744430542,0.2965039610862732
