Tweet_ID,Sentiment_Label,Logits_Neutral,Logits_Positive,Logits_Negative
1604330871926018048,positive,1.5197689533233643,3.8103013038635254,-0.5978919267654419
1604336131901837312,neutral,2.621014356613159,0.9770984649658203,-0.20441456139087677
1604336151287934977,positive,1.6695927381515503,2.3661253452301025,0.6336193084716797
