Tweet_ID,Sentiment_Label,Logits_Neutral,Logits_Positive,Logits_Negative
1605405094173986817,positive,1.5263723134994507,3.833693504333496,-0.5648788213729858
1605405095138557953,positive,1.5263723134994507,3.833693504333496,-0.5648787617683411
1605405102440730624,positive,1.5263723134994507,3.833693504333496,-0.5648788213729858
1605405118735978496,positive,1.5263723134994507,3.833693504333496,-0.5648788213729858
1605405223861698560,positive,1.5263723134994507,3.833693504333496,-0.5648788213729858
1605405242706874371,positive,1.5263723134994507,3.833693504333496,-0.5648788213729858
1605405293508173824,positive,1.5263723134994507,3.833693504333496,-0.5648787617683411
1605405307437473794,positive,1.5263723134994507,3.833693504333496,-0.5648787617683411
