Tweet_ID,Sentiment_Label,Logits_Neutral,Logits_Positive,Logits_Negative
1605526672731578369,neutral,2.522164821624756,1.3741092681884766,-0.6077240109443665
1605526688699256832,neutral,2.456979990005493,1.117780089378357,-0.2031877189874649
1605527281861922816,neutral,2.0007102489471436,0.7668936848640442,0.2382621318101883
1605530135406514177,neutral,2.478647470474243,1.3320473432540894,-0.11202209442853928
