Tweet_ID,Sentiment_Label,Logits_Neutral,Logits_Positive,Logits_Negative
1604195233691992065,negative,1.042088270187378,0.07600703835487366,1.830822229385376
