Tweet_ID,Sentiment_Label,Logits_Neutral,Logits_Positive,Logits_Negative
1602804177838559232,negative,0.9495421051979065,-0.708674967288971,2.8381705284118652
