Tweet_ID,Sentiment_Label,Logits_Neutral,Logits_Positive,Logits_Negative
1603843337714339846,neutral,2.895308017730713,1.8644746541976929,-0.7679634690284729
1603851489809731738,neutral,2.8948655128479004,1.548507809638977,-0.7977133989334106
1603854005930627077,neutral,3.309969425201416,2.103445291519165,-1.040345311164856
