Tweet_ID,Sentiment_Label,Logits_Neutral,Logits_Positive,Logits_Negative
1603547565202423809,negative,1.3973227739334106,-0.0853920504450798,1.4670194387435913
1603548398283624448,neutral,1.5469950437545776,0.6845018863677979,0.7017457485198975
1603554548861136896,neutral,1.5469950437545776,0.6845018863677979,0.7017457485198975
