Tweet_ID,Sentiment_Label,Logits_Neutral,Logits_Positive,Logits_Negative
1603981917116067840,neutral,2.5876588821411133,1.369908094406128,-0.49908721446990967
1603982890966323200,neutral,3.309969425201416,2.103445053100586,-1.0403451919555664
1603986595627126784,neutral,3.309969425201416,2.103445053100586,-1.0403451919555664
1603989295647567873,neutral,2.3296682834625244,1.227187991142273,-0.2657109797000885
1603989312051126274,neutral,2.5876588821411133,1.369908094406128,-0.49908721446990967
1603989321245155329,neutral,2.6235814094543457,1.2176328897476196,-0.4218476712703705
1603989341139013632,neutral,3.309969425201416,2.103445053100586,-1.0403451919555664
1603989343307288577,neutral,2.542880058288574,1.3017646074295044,-0.44534194469451904
1603990409666912256,neutral,2.032982110977173,1.0380629301071167,-0.03870999813079834
