Tweet_ID,Sentiment_Label,Logits_Neutral,Logits_Positive,Logits_Negative
1605571579861241856,neutral,1.610807180404663,0.6994439363479614,0.4781424403190613
1605573815534202880,positive,2.936147689819336,3.39066219329834,-1.1390827894210815
