Tweet_ID,Sentiment_Label,Logits_Neutral,Logits_Positive,Logits_Negative
1605446722754338817,neutral,2.1797680854797363,0.33274754881858826,0.6577020287513733
