Tweet_ID,Sentiment_Label,Logits_Neutral,Logits_Positive,Logits_Negative
1605504146140012546,neutral,3.309969425201416,2.103445291519165,-1.040345311164856
1605513398170505217,neutral,2.9578499794006348,1.458900809288025,-0.6153702735900879
1605507965624131584,neutral,2.2418746948242188,1.1227716207504272,0.07547087222337723
