Tweet_ID,Sentiment_Label,Logits_Neutral,Logits_Positive,Logits_Negative
1604635704562028545,neutral,3.309969425201416,2.103445053100586,-1.0403451919555664
1604642608671776768,negative,0.40067198872566223,0.05886310711503029,1.9527121782302856
1604628966324961280,neutral,1.7352851629257202,1.3247624635696411,0.16615919768810272
1604634100467265536,neutral,1.557401180267334,0.9196805357933044,0.5185092687606812
1604638236202213376,neutral,2.6210145950317383,0.9770984053611755,-0.2044144868850708
