Tweet_ID,Sentiment_Label,Logits_Neutral,Logits_Positive,Logits_Negative
1605599123083649026,negative,0.22433467209339142,0.3385498821735382,2.206500768661499
1605606620385271816,neutral,1.866458773612976,-0.3421962559223175,0.20771661400794983
1605608590944993281,positive,2.709829092025757,3.5426502227783203,-0.6734758019447327
