Tweet_ID,Sentiment_Label,Logits_Neutral,Logits_Positive,Logits_Negative
1603890894226309129,neutral,3.309969425201416,2.103445053100586,-1.0403450727462769
1603896096941436928,neutral,3.309969425201416,2.103445053100586,-1.0403450727462769
1603896259366236160,neutral,3.309969425201416,2.103445053100586,-1.0403450727462769
1603898820257280000,neutral,2.5876591205596924,1.3699078559875488,-0.49908721446990967
