Tweet_ID,Sentiment_Label,Logits_Neutral,Logits_Positive,Logits_Negative
1605352828322586625,neutral,1.8057239055633545,1.0400809049606323,0.46829065680503845
1605358879524589568,negative,0.9682649374008179,0.6487552523612976,1.09856116771698
