Tweet_ID,Sentiment_Label,Logits_Neutral,Logits_Positive,Logits_Negative
1604269735788830720,positive,1.8542386293411255,2.030604839324951,0.5801838636398315
1604271714023911424,negative,0.953498125076294,0.1534777581691742,1.0072367191314697
1604271714116206592,positive,0.682601809501648,1.1229957342147827,0.8065922260284424
