Tweet_ID,Sentiment_Label,Logits_Neutral,Logits_Positive,Logits_Negative
1605550836288958464,neutral,4.15148401260376,2.6573128700256348,-1.4555213451385498
1605556173595234304,neutral,3.309969425201416,2.103445053100586,-1.0403451919555664
1605558479648747520,neutral,1.4847620725631714,1.1728094816207886,0.024493353441357613
