Tweet_ID,Sentiment_Label,Logits_Neutral,Logits_Positive,Logits_Negative
1604261287281586176,neutral,1.8694368600845337,0.8928306102752686,0.7087693214416504
