Tweet_ID,Sentiment_Label,Logits_Neutral,Logits_Positive,Logits_Negative
1603919700068540416,neutral,2.8948655128479004,1.548507809638977,-0.7977133989334106
1603930713681956864,neutral,2.8948655128479004,1.548507809638977,-0.7977134585380554
