Tweet_ID,Sentiment_Label,Logits_Neutral,Logits_Positive,Logits_Negative
1604155910841962496,neutral,2.8948655128479004,1.548507809638977,-0.7977134585380554
1604156606396399620,neutral,2.3296687602996826,1.227188229560852,-0.26571109890937805
