Tweet_ID,Sentiment_Label,Probability_pos
1600928183876190208,negative,0.001029053378529251
1600928189513334784,negative,0.005680802097038857
