Tweet_ID,Sentiment_Label,Probability_pos
1601426458798608386,negative,0.1699412404157004
1601426459054297090,negative,0.001128320993917939
1601426459637481472,negative,0.00878866113623089
1601426460115619841,neutral,0.49789225920557484
1601426473298317312,negative,0.008645415793977379
1601426475512922115,negative,0.008603999554713285
