Tweet_ID,Sentiment_Label,Logits_Neutral,Logits_Positive,Logits_Negative
1586886610775425024,negative,0.9217637181282043,-0.5616046786308289,2.28336501121521
1586892979138342912,neutral,1.319308876991272,-0.058046288788318634,1.3017240762710571
