Tweet_ID,Sentiment_Label,Logits_Neutral,Logits_Positive,Logits_Negative
1586874971271434241,neutral,1.2943329811096191,0.5728588104248047,0.8373523354530334
1586877098987114496,positive,1.6575545072555542,3.5778398513793945,-0.6487600803375244
